{
    "rc": 0,
    "rt": 110,
    "svr": 181735296,
    "lt": 2,
    "full": 0,
    "data": {
        "tc": 57,
        "qdate": 20250117,
        "pool": [
            {
                "c": "000408",
                "m": 0,
                "n": "藏格矿业",
                "p": 32450,
                "zdp": 10.0,
                "amount": 226476435,
                "ltsz": 51284582693.850009,
                "tshare": 51285118086.4,
                "hs": 0.4416072368621826,
                "lbc": 1,
                "fbt": 92500,
                "lbt": 92500,
                "fund": 153318786,
                "zbc": 0,
                "hybk": "化肥行业",
                "zttj": {
                    "days": 1,
                    "ct": 1
                }
            },
            {
                "c": "002250",
                "m": 0,
                "n": "联化科技",
                "p": 5760,
                "zdp": 9.923664093017579,
                "amount": 40588416,
                "ltsz": 5221636738.559999,
                "tshare": 5249278771.2,
                "hs": 0.777312159538269,
                "lbc": 1,
                "fbt": 92500,
                "lbt": 92500,
                "fund": 202836672,
                "zbc": 0,
                "hybk": "农药兽药",
                "zttj": {
                    "days": 1,
                    "ct": 1
                }
            },
            {
                "c": "002691",
                "m": 0,
                "n": "冀凯股份",
                "p": 6860,
                "zdp": 9.935897827148438,
                "amount": 64407669,
                "ltsz": 2304824892.3,
                "tshare": 2332400000.0,
                "hs": 2.794471263885498,
                "lbc": 4,
                "fbt": 92500,
                "lbt": 92500,
                "fund": 39940978,
                "zbc": 0,
                "hybk": "专用设备",
                "zttj": {
                    "days": 4,
                    "ct": 4
                }
            },
            {
                "c": "002787",
                "m": 0,
                "n": "华源控股",
                "p": 8620,
                "zdp": 9.948979377746582,
                "amount": 65115480,
                "ltsz": 2217159802.68,
                "tshare": 2943959223.04,
                "hs": 2.93688702583313,
                "lbc": 1,
                "fbt": 92500,
                "lbt": 92500,
                "fund": 83695028,
                "zbc": 0,
                "hybk": "包装材料",
                "zttj": {
                    "days": 1,
                    "ct": 1
                }
            },
            {
                "c": "300515",
                "m": 0,
                "n": "三德科技",
                "p": 14780,
                "zdp": 19.967533111572267,
                "amount": 88749496,
                "ltsz": 2716386167.04,
                "tshare": 3041051510.0,
                "hs": 3.2671899795532228,
                "lbc": 1,
                "fbt": 92500,
                "lbt": 92500,
                "fund": 94914174,
                "zbc": 0,
                "hybk": "仪器仪表",
                "zttj": {
                    "days": 1,
                    "ct": 1
                }
            },
            {
                "c": "600358",
                "m": 1,
                "n": "国旅联合",
                "p": 4760,
                "zdp": 9.930715560913086,
                "amount": 363744016,
                "ltsz": 2403498501.6,
                "tshare": 2403498482.56,
                "hs": 15.405373573303223,
                "lbc": 4,
                "fbt": 92501,
                "lbt": 93710,
                "fund": 42720524,
                "zbc": 1,
                "hybk": "互联网服",
                "zttj": {
                    "days": 4,
                    "ct": 4
                }
            },
            {
                "c": "600539",
                "m": 1,
                "n": "狮头股份",
                "p": 9690,
                "zdp": 9.988649368286133,
                "amount": 123375880,
                "ltsz": 2228700000.0,
                "tshare": 2228700000.0,
                "hs": 5.535778045654297,
                "lbc": 4,
                "fbt": 92501,
                "lbt": 92501,
                "fund": 90983392,
                "zbc": 0,
                "hybk": "环保行业",
                "zttj": {
                    "days": 4,
                    "ct": 4
                }
            },
            {
                "c": "600714",
                "m": 1,
                "n": "金瑞矿业",
                "p": 14060,
                "zdp": 10.015649795532227,
                "amount": 911684752,
                "ltsz": 4051758398.38,
                "tshare": 4051758384.32,
                "hs": 22.723491668701173,
                "lbc": 3,
                "fbt": 92502,
                "lbt": 95044,
                "fund": 32285963,
                "zbc": 4,
                "hybk": "化学原料",
                "zttj": {
                    "days": 3,
                    "ct": 3
                }
            },
            {
                "c": "600724",
                "m": 1,
                "n": "宁波富达",
                "p": 6420,
                "zdp": 9.931507110595704,
                "amount": 31956192,
                "ltsz": 9276531902.88,
                "tshare": 9278447682.24,
                "hs": 0.34448426961898806,
                "lbc": 1,
                "fbt": 92502,
                "lbt": 92502,
                "fund": 80892642,
                "zbc": 0,
                "hybk": "房地产开",
                "zttj": {
                    "days": 1,
                    "ct": 1
                }
            },
            {
                "c": "603177",
                "m": 1,
                "n": "德创环保",
                "p": 10520,
                "zdp": 10.041841506958008,
                "amount": 396686592,
                "ltsz": 2148099840.0,
                "tshare": 2168740080.0,
                "hs": 20.423070907592775,
                "lbc": 4,
                "fbt": 92503,
                "lbt": 133803,
                "fund": 24355262,
                "zbc": 1,
                "hybk": "环保行业",
                "zttj": {
                    "days": 4,
                    "ct": 4
                }
            },
            {
                "c": "002578",
                "m": 0,
                "n": "闽发铝业",
                "p": 3640,
                "zdp": 9.969788551330567,
                "amount": 145451661,
                "ltsz": 3134631722.04,
                "tshare": 3416613840.6400005,
                "hs": 4.672299861907959,
                "lbc": 2,
                "fbt": 93009,
                "lbt": 93009,
                "fund": 68709186,
                "zbc": 0,
                "hybk": "有色金属",
                "zttj": {
                    "days": 2,
                    "ct": 2
                }
            },
            {
                "c": "002917",
                "m": 0,
                "n": "金奥博",
                "p": 19120,
                "zdp": 10.011507987976075,
                "amount": 1884620160,
                "ltsz": 4981624816.72,
                "tshare": 6646383351.04,
                "hs": 38.17182159423828,
                "lbc": 7,
                "fbt": 93009,
                "lbt": 144200,
                "fund": 71113589,
                "zbc": 7,
                "hybk": "化学制品",
                "zttj": {
                    "days": 7,
                    "ct": 7
                }
            },
            {
                "c": "002543",
                "m": 0,
                "n": "万和电气",
                "p": 11940,
                "zdp": 10.046082496643067,
                "amount": 328038112,
                "ltsz": 7899635375.82,
                "tshare": 8878584000.0,
                "hs": 4.184597492218018,
                "lbc": 2,
                "fbt": 93024,